Dates,Satelite,Relaive_orbit,median_waterlevel
2016-04-03,SENTINEL_A,303,208.0667225
2016-04-06,SENTINEL_A,355,208.4498267
2016-04-10,SENTINEL_A,27,207.92634575
2016-04-14,SENTINEL_A,84,207.7944822
2016-04-22,SENTINEL_A,189,208.24103175
2016-04-26,SENTINEL_A,246,208.17208815
2016-04-30,SENTINEL_A,303,208.32167005
2016-05-03,SENTINEL_A,355,208.5710189
2016-05-07,SENTINEL_A,27,208.4057471
2016-05-08,SENTINEL_A,32,312.0791
2016-05-11,SENTINEL_A,84,208.3301243
2016-05-15,SENTINEL_A,132,208.4319316
2016-05-15,SENTINEL_A,141,208.809
2016-05-19,SENTINEL_A,189,208.40553835
2016-05-19,SENTINEL_A,198,279.80905
2016-05-23,SENTINEL_A,246,208.27093595
2016-05-27,SENTINEL_A,303,208.42503805
2016-05-30,SENTINEL_A,355,208.7675419
2016-06-03,SENTINEL_A,27,208.48225455
2016-06-07,SENTINEL_A,84,208.5761561
2016-06-11,SENTINEL_A,132,208.6016259
2016-06-11,SENTINEL_A,141,239.9229
2016-06-15,SENTINEL_A,189,208.6977776
2016-06-19,SENTINEL_A,246,208.5936612
2016-06-23,SENTINEL_A,303,208.7059693
2016-06-26,SENTINEL_A,355,209.000924
2016-06-30,SENTINEL_A,27,208.83461815
2016-07-04,SENTINEL_A,84,208.7887648
2016-07-08,SENTINEL_A,132,209.0965458
2016-07-08,SENTINEL_A,141,312.3194
2016-07-12,SENTINEL_A,189,208.948617
2016-07-16,SENTINEL_A,246,208.8185113
2016-07-20,SENTINEL_A,303,208.85191025
2016-07-23,SENTINEL_A,355,209.02974075
2016-07-24,SENTINEL_A,360,208.6783
2016-07-27,SENTINEL_A,27,208.83710605
2016-07-31,SENTINEL_A,84,208.8334621
2016-08-04,SENTINEL_A,132,208.8394944
2016-08-04,SENTINEL_A,141,306.4653
2016-08-08,SENTINEL_A,189,208.9518263
2016-08-12,SENTINEL_A,246,208.7957236
2016-08-16,SENTINEL_A,303,208.8860556
2016-08-19,SENTINEL_A,355,209.1012629
2016-08-20,SENTINEL_A,360,208.66
2016-08-23,SENTINEL_A,27,208.8036249
2016-08-27,SENTINEL_A,84,208.69944165
2016-09-04,SENTINEL_A,189,208.91214315
2016-09-08,SENTINEL_A,246,208.8208311
2016-09-12,SENTINEL_A,303,208.9283457
2016-09-15,SENTINEL_A,355,209.14679225
2016-09-19,SENTINEL_A,27,208.9376276
2016-09-23,SENTINEL_A,84,208.9325521
2016-09-27,SENTINEL_A,132,209.10526995
2016-09-27,SENTINEL_A,141,238.7929
2016-10-01,SENTINEL_A,189,209.0389197
2016-10-01,SENTINEL_A,198,282.52205
2016-10-05,SENTINEL_A,246,208.8737517
2016-10-09,SENTINEL_A,303,208.9719729
2016-10-12,SENTINEL_A,355,209.1405921
2016-10-13,SENTINEL_A,360,208.8414
2016-10-16,SENTINEL_A,27,208.9217248
2016-10-20,SENTINEL_A,84,208.91720095
2016-10-24,SENTINEL_A,132,209.03530285
2016-10-28,SENTINEL_A,189,209.0022211
2016-10-28,SENTINEL_A,198,316.0024499
2016-11-01,SENTINEL_A,246,208.90208275
2016-11-05,SENTINEL_A,303,208.987898
2016-11-08,SENTINEL_A,355,209.07466055
2016-11-12,SENTINEL_A,27,208.93921355
2016-11-16,SENTINEL_A,84,208.901614
2016-11-20,SENTINEL_A,132,208.9283908
2016-11-20,SENTINEL_A,141,274.768
2016-11-24,SENTINEL_A,189,209.0151928
2016-11-24,SENTINEL_A,198,309.5540498
2016-11-28,SENTINEL_A,246,208.9162537
2016-12-02,SENTINEL_A,303,209.0158952
2016-12-05,SENTINEL_A,355,245.1924096
2016-12-06,SENTINEL_A,360,208.84
2016-12-09,SENTINEL_A,27,208.7758951
2016-12-13,SENTINEL_A,84,208.7993081
2016-12-17,SENTINEL_A,132,208.8484743
2016-12-17,SENTINEL_A,141,264.9413
2016-12-21,SENTINEL_A,189,208.4493797
2016-12-21,SENTINEL_A,198,313.6299
2016-12-25,SENTINEL_A,246,208.7005891
2016-12-29,SENTINEL_A,303,208.99816325
2017-01-01,SENTINEL_A,355,208.9210552
2017-01-05,SENTINEL_A,27,208.0796496
2017-01-09,SENTINEL_A,84,208.91547315
2017-01-13,SENTINEL_A,132,208.950073
2017-01-13,SENTINEL_A,141,266.8969
2017-01-17,SENTINEL_A,189,208.8060683
2017-01-17,SENTINEL_A,198,294.7754001
2017-01-21,SENTINEL_A,246,208.8564817
2017-01-25,SENTINEL_A,303,208.9888755
2017-01-28,SENTINEL_A,355,209.13573075
2017-02-01,SENTINEL_A,27,208.3424257
2017-02-05,SENTINEL_A,84,208.89720895
2017-02-09,SENTINEL_A,132,209.1363034
2017-02-09,SENTINEL_A,141,237.6846
2017-02-13,SENTINEL_A,189,209.1831983
2017-02-17,SENTINEL_A,246,208.9646333
2017-02-21,SENTINEL_A,303,208.9539254
2017-02-24,SENTINEL_A,355,209.223163
2017-02-25,SENTINEL_A,360,208.5071999
2017-03-01,SENTINEL_A,32,312.2014001
2017-03-04,SENTINEL_A,84,208.6819165
2017-03-08,SENTINEL_A,132,208.9457163
2017-03-08,SENTINEL_A,141,384.8464999
2017-03-12,SENTINEL_A,189,208.6367955
2017-03-12,SENTINEL_A,198,311.6617
2017-03-16,SENTINEL_A,246,208.6162996
2017-03-20,SENTINEL_A,303,208.8474789
2017-03-23,SENTINEL_A,355,209.0192988
2017-03-27,SENTINEL_A,27,208.3471065
2017-03-31,SENTINEL_A,84,208.3050104
2017-04-04,SENTINEL_A,132,208.9563925
2017-04-08,SENTINEL_A,189,208.9550728
2017-04-12,SENTINEL_A,246,208.8345445
2017-04-16,SENTINEL_A,303,208.9348891
2017-04-19,SENTINEL_A,355,209.18033255
2017-04-20,SENTINEL_A,360,208.7770499
2017-04-23,SENTINEL_A,27,208.61304835
2017-04-24,SENTINEL_A,32,208.9927499
2017-04-27,SENTINEL_A,84,208.9615571
2017-05-01,SENTINEL_A,132,209.1259377
2017-05-01,SENTINEL_A,141,350.1703998
2017-05-05,SENTINEL_A,189,209.189648
2017-05-09,SENTINEL_A,246,208.8842141
2017-05-16,SENTINEL_A,355,209.3274161
2017-05-20,SENTINEL_A,27,209.1074082
2017-05-21,SENTINEL_A,32,294.2445999
2017-05-24,SENTINEL_A,84,209.1162738
2017-05-28,SENTINEL_A,132,209.4448382
2017-05-28,SENTINEL_A,141,209.1718
2017-06-01,SENTINEL_A,189,209.46519425
2017-06-01,SENTINEL_A,198,296.6435
2017-06-05,SENTINEL_A,246,209.3425586
2017-06-09,SENTINEL_A,303,209.476538
2017-06-12,SENTINEL_A,355,209.8195823
2017-06-16,SENTINEL_A,27,209.54536795
2017-06-20,SENTINEL_A,84,209.5685758
2017-06-24,SENTINEL_A,132,209.77986265
2017-06-24,SENTINEL_A,141,209.6501
2017-06-28,SENTINEL_A,189,209.7369444
2017-06-28,SENTINEL_A,198,294.8538999
2017-07-02,SENTINEL_A,246,209.5867748
2017-07-06,SENTINEL_A,303,209.6611777
2017-07-09,SENTINEL_A,355,209.8377891
2017-07-13,SENTINEL_A,27,209.6798301
2017-07-17,SENTINEL_A,84,209.6099596
2017-07-21,SENTINEL_A,132,209.7050741
2017-07-21,SENTINEL_A,141,209.9644999
2017-07-25,SENTINEL_A,189,209.715598
2017-07-25,SENTINEL_A,198,291.8313
2017-08-02,SENTINEL_A,303,209.59445445
2017-08-05,SENTINEL_A,355,209.6869972
2017-08-06,SENTINEL_A,360,209.3894999
2017-08-09,SENTINEL_A,27,209.49371395
2017-08-13,SENTINEL_A,84,209.4341571
2017-08-17,SENTINEL_A,132,209.54871305
2017-08-17,SENTINEL_A,141,271.6575
2017-08-25,SENTINEL_A,246,209.37542395
2017-08-29,SENTINEL_A,303,209.4272738
2017-09-01,SENTINEL_A,355,209.52213815
2017-09-06,SENTINEL_A,32,250.9967998
2017-09-09,SENTINEL_A,84,209.24598145
2017-09-13,SENTINEL_A,132,209.4489691
2017-09-13,SENTINEL_A,141,327.7807998
2017-09-17,SENTINEL_A,189,209.29638415
2017-09-17,SENTINEL_A,198,279.4590999
2017-09-25,SENTINEL_A,303,209.09743475
2017-09-28,SENTINEL_A,355,209.2207932
2017-09-29,SENTINEL_A,360,207.2666001
2017-10-02,SENTINEL_A,27,209.0261541
2017-10-03,SENTINEL_A,32,272.6855999
2017-10-06,SENTINEL_A,84,209.0463396
2017-10-10,SENTINEL_A,132,209.1738894
2017-10-14,SENTINEL_A,189,209.0602214
2017-10-14,SENTINEL_A,198,259.6650499
2017-10-18,SENTINEL_A,246,208.8923817
2017-10-25,SENTINEL_A,355,209.2167146
2017-10-29,SENTINEL_A,27,208.8784455
2017-11-02,SENTINEL_A,84,208.8358964
2017-11-06,SENTINEL_A,132,208.8813372
2017-11-06,SENTINEL_A,141,347.2580499
2017-11-10,SENTINEL_A,189,208.7343532
2017-11-10,SENTINEL_A,198,308.892
2017-11-14,SENTINEL_A,246,208.7597556
2017-11-18,SENTINEL_A,303,208.9212149
2017-11-21,SENTINEL_A,355,237.8730257
2017-11-22,SENTINEL_A,360,208.6369999
2017-11-25,SENTINEL_A,27,208.70161255
2017-11-29,SENTINEL_A,84,208.6134477
2017-12-03,SENTINEL_A,132,208.724994
2017-12-07,SENTINEL_A,189,208.7305494
2017-12-11,SENTINEL_A,246,208.4906762
2017-12-15,SENTINEL_A,303,208.4345316
2017-12-18,SENTINEL_A,355,208.7306618
2017-12-19,SENTINEL_A,360,208.8316498
2017-12-22,SENTINEL_A,27,208.42993615
2017-12-26,SENTINEL_A,84,208.0857594
2017-12-30,SENTINEL_A,141,208.8082498
2018-01-03,SENTINEL_A,189,208.85168525
2018-01-03,SENTINEL_A,198,264.3897999
2018-01-07,SENTINEL_A,246,207.7668721
2018-01-11,SENTINEL_A,303,207.6586794
2018-01-14,SENTINEL_A,355,208.8141846
2018-01-18,SENTINEL_A,27,208.7094094
2018-01-22,SENTINEL_A,84,208.6721246
2018-01-26,SENTINEL_A,132,208.2791914
2018-01-26,SENTINEL_A,141,208.7273
2018-01-30,SENTINEL_A,189,208.7433178
2018-01-30,SENTINEL_A,198,281.3267998
2018-02-03,SENTINEL_A,246,208.6489201
2018-02-07,SENTINEL_A,303,208.76604355
2018-02-10,SENTINEL_A,355,208.6958939
2018-02-14,SENTINEL_A,27,208.5643501
2018-02-18,SENTINEL_A,84,208.5725794
2018-02-22,SENTINEL_A,132,207.9724966
2018-02-22,SENTINEL_A,141,344.7181
2018-02-26,SENTINEL_A,189,208.6753156
2018-02-26,SENTINEL_A,198,321.5776998
2018-03-02,SENTINEL_A,246,208.5441197
2018-03-06,SENTINEL_A,303,208.6509927
2018-03-09,SENTINEL_A,355,208.69582005
2018-03-13,SENTINEL_A,27,208.5030407
2018-03-17,SENTINEL_A,84,208.49688355
2018-03-21,SENTINEL_A,132,208.2713009
2018-03-21,SENTINEL_A,141,330.125
2018-03-25,SENTINEL_A,189,208.60484115
2018-03-29,SENTINEL_A,246,208.46797685
2018-04-02,SENTINEL_A,303,208.5793669
2018-04-05,SENTINEL_A,355,208.5230741
2018-04-06,SENTINEL_A,360,208.5868
2018-04-09,SENTINEL_A,27,208.36166055
2018-04-13,SENTINEL_A,84,208.4387533
2018-04-17,SENTINEL_A,132,208.96179265
2018-04-21,SENTINEL_A,189,208.6922479
2018-04-21,SENTINEL_A,198,282.9364
2018-04-25,SENTINEL_A,246,208.6448597
2018-04-29,SENTINEL_A,303,208.7756329
2018-05-02,SENTINEL_A,355,208.90741065
2018-05-06,SENTINEL_A,27,209.02711845
2018-05-10,SENTINEL_A,84,209.1612555
2018-05-12,SENTINEL_B,98,209.5416999
2018-05-14,SENTINEL_A,132,209.293261
2018-05-14,SENTINEL_A,141,209.0248998
2018-05-16,SENTINEL_B,155,209.5272019
2018-05-18,SENTINEL_A,189,209.2783154
2018-05-21,SENTINEL_B,217,209.4016368
2018-05-22,SENTINEL_A,246,209.1202014
2018-05-25,SENTINEL_B,269,209.4297033
2018-05-26,SENTINEL_A,303,209.3870793
2018-05-29,SENTINEL_A,355,209.60741805
2018-05-29,SENTINEL_B,27,209.4342522
2018-05-30,SENTINEL_A,360,209.4095
2018-06-02,SENTINEL_A,27,209.4287481
2018-06-02,SENTINEL_B,27,209.2984962
2018-06-03,SENTINEL_B,32,299.0352001
2018-06-06,SENTINEL_A,84,209.4247644
2018-06-06,SENTINEL_B,84,209.4257856
2018-06-10,SENTINEL_A,132,209.5381985
2018-06-10,SENTINEL_B,132,209.538442
2018-06-10,SENTINEL_B,141,209.8844
2018-06-14,SENTINEL_A,189,209.52550215
2018-06-14,SENTINEL_B,189,209.5023736
2018-06-18,SENTINEL_A,246,209.35551805
2018-06-18,SENTINEL_B,246,209.2719166
2018-06-22,SENTINEL_A,303,209.45001265
2018-06-22,SENTINEL_B,303,209.36994
2018-06-25,SENTINEL_A,355,209.7907351
2018-06-25,SENTINEL_B,355,209.67086315
2018-06-26,SENTINEL_B,360,209.8748498
2018-06-29,SENTINEL_A,27,209.4642031
2018-06-30,SENTINEL_B,32,299.5180999
2018-07-03,SENTINEL_A,84,209.4341892
2018-07-03,SENTINEL_B,84,209.3678311
2018-07-07,SENTINEL_A,141,295.1784998
2018-07-07,SENTINEL_B,132,209.560467
2018-07-11,SENTINEL_B,189,209.4652507
2018-07-11,SENTINEL_B,198,209.3220999
2018-07-15,SENTINEL_A,246,209.4948829
2018-07-15,SENTINEL_B,246,209.50345105
2018-07-19,SENTINEL_A,303,209.54098325
2018-07-19,SENTINEL_B,303,209.5990601
2018-07-22,SENTINEL_A,355,209.79068645
2018-07-22,SENTINEL_B,355,209.7712778
2018-07-26,SENTINEL_A,27,209.59451795
2018-07-26,SENTINEL_B,27,209.5978226
2018-07-27,SENTINEL_A,32,269.2976999
2018-07-27,SENTINEL_B,32,209.55485
2018-07-30,SENTINEL_A,84,209.5641778
2018-07-30,SENTINEL_B,84,209.56129555
2018-08-03,SENTINEL_A,132,209.7935135
2018-08-03,SENTINEL_A,141,209.6901499
2018-08-03,SENTINEL_B,132,209.7791208
2018-08-03,SENTINEL_B,141,209.6376
2018-08-07,SENTINEL_A,189,209.7509449
2018-08-07,SENTINEL_A,198,290.7026
2018-08-07,SENTINEL_B,189,209.7455035
2018-08-07,SENTINEL_B,198,209.5656001
2018-08-11,SENTINEL_A,246,209.6369614
2018-08-11,SENTINEL_B,246,209.6290407
2018-08-15,SENTINEL_A,303,209.6136983
2018-08-15,SENTINEL_B,303,267.3972026
2018-08-18,SENTINEL_A,355,209.7803301
2018-08-18,SENTINEL_B,355,209.7914861
2018-08-22,SENTINEL_A,27,209.53636
2018-08-22,SENTINEL_B,27,209.5647423
2018-08-23,SENTINEL_A,32,266.7594
2018-08-23,SENTINEL_B,32,281.6929999
2018-08-26,SENTINEL_A,84,209.47830925
2018-08-26,SENTINEL_B,84,209.4888631
2018-08-30,SENTINEL_A,132,209.62786275
2018-08-30,SENTINEL_B,132,209.6484596
2018-08-30,SENTINEL_B,141,209.92295
2018-09-03,SENTINEL_A,189,209.5453569
2018-09-03,SENTINEL_B,189,209.5705141
2018-09-03,SENTINEL_B,198,256.6697
2018-09-07,SENTINEL_A,246,209.3698913
2018-09-07,SENTINEL_B,246,209.38472685
2018-09-11,SENTINEL_A,303,209.5052269
2018-09-11,SENTINEL_B,303,209.5291132
2018-09-14,SENTINEL_A,355,209.43365165
2018-09-14,SENTINEL_B,355,209.4475863
2018-09-18,SENTINEL_A,27,209.28643705
2018-09-18,SENTINEL_B,27,209.2705233
2018-09-22,SENTINEL_A,84,209.2689596
2018-09-22,SENTINEL_B,84,209.2717728
2018-09-26,SENTINEL_A,141,298.44755
2018-09-26,SENTINEL_B,132,209.3584616
2018-09-26,SENTINEL_B,141,209.4485999
2018-09-30,SENTINEL_A,189,209.2439565
2018-09-30,SENTINEL_A,198,273.7256
2018-09-30,SENTINEL_B,189,209.28471415
2018-09-30,SENTINEL_B,198,209.1517
2018-10-04,SENTINEL_A,246,209.1024601
2018-10-04,SENTINEL_B,246,209.1206783
2018-10-08,SENTINEL_A,303,209.18847565
2018-10-08,SENTINEL_B,303,209.21479635
2018-10-11,SENTINEL_A,355,209.2522068
2018-10-11,SENTINEL_B,355,209.2604099
2018-10-12,SENTINEL_A,360,208.9273999
2018-10-12,SENTINEL_B,360,209.1254998
2018-10-15,SENTINEL_A,27,209.0799576
2018-10-15,SENTINEL_B,27,209.0841699
2018-10-16,SENTINEL_A,32,303.2675
2018-10-19,SENTINEL_A,84,209.01752785
2018-10-19,SENTINEL_B,84,209.047011
2018-10-23,SENTINEL_A,132,209.1486622
2018-10-23,SENTINEL_A,141,208.8416
2018-10-23,SENTINEL_B,132,209.1641987
2018-10-27,SENTINEL_A,189,209.105882
2018-10-27,SENTINEL_B,189,209.02693325
2018-10-30,SENTINEL_B,241,208.97381435
2018-11-03,SENTINEL_B,289,209.09411675
2018-11-04,SENTINEL_A,303,209.01424375
2018-11-07,SENTINEL_A,355,208.94587505
2018-11-07,SENTINEL_B,346,208.9432316
2018-11-10,SENTINEL_B,13,208.88207945
2018-11-11,SENTINEL_A,27,208.8687656
2018-11-14,SENTINEL_B,61,208.9142074
2018-11-15,SENTINEL_A,84,208.7960654
2018-11-19,SENTINEL_A,132,208.88189145
2018-11-21,SENTINEL_B,27,208.7937241
2018-11-22,SENTINEL_B,32,208.1608999
2018-11-23,SENTINEL_A,189,208.73031195
2018-11-23,SENTINEL_A,198,311.3935
2018-11-25,SENTINEL_B,84,208.8457837
2018-11-27,SENTINEL_A,246,208.7128094
2018-11-29,SENTINEL_B,132,208.8979499
2018-11-29,SENTINEL_B,141,208.518886
2018-12-01,SENTINEL_A,303,208.5075901
2018-12-03,SENTINEL_B,189,208.8056692
2018-12-03,SENTINEL_B,198,208.5831
2018-12-04,SENTINEL_A,355,208.8818086
2018-12-05,SENTINEL_A,360,208.7134
2018-12-07,SENTINEL_B,246,208.6369544
2018-12-08,SENTINEL_A,27,208.5636004
2018-12-11,SENTINEL_B,303,208.6069001
2018-12-12,SENTINEL_A,84,208.61127395
2018-12-15,SENTINEL_B,360,208.8364497
2018-12-16,SENTINEL_A,132,208.78690485
2018-12-16,SENTINEL_A,141,267.45395
2018-12-18,SENTINEL_B,27,208.5933815
2018-12-19,SENTINEL_B,32,208.4224999
2018-12-20,SENTINEL_A,189,208.4673924
2018-12-20,SENTINEL_A,198,305.0919999
2018-12-22,SENTINEL_B,84,208.52713345
2018-12-24,SENTINEL_A,246,208.5213566
2018-12-26,SENTINEL_B,132,208.7717999
2018-12-26,SENTINEL_B,141,208.5667335
2018-12-28,SENTINEL_A,303,208.4019168
2018-12-30,SENTINEL_B,189,208.517908
2018-12-31,SENTINEL_A,355,208.6387081
2019-01-03,SENTINEL_B,246,208.5835218
2019-01-03,SENTINEL_B,255,208.6924
2019-01-04,SENTINEL_A,27,208.5523768
2019-01-07,SENTINEL_B,303,208.3067355
2019-01-08,SENTINEL_A,84,208.362403
2019-01-11,SENTINEL_B,360,208.2277001
2019-01-12,SENTINEL_A,132,208.6522951
2019-01-12,SENTINEL_A,141,208.3486999
2019-01-14,SENTINEL_B,27,208.3476099
2019-01-15,SENTINEL_B,32,208.1462
2019-01-16,SENTINEL_A,198,317.84395
2019-01-20,SENTINEL_A,246,208.37236
2019-01-22,SENTINEL_B,132,208.6923501
2019-01-22,SENTINEL_B,141,208.3763388
2019-01-24,SENTINEL_A,303,208.3106731
2019-01-26,SENTINEL_B,189,208.2690628
2019-01-26,SENTINEL_B,198,207.79165
2019-01-27,SENTINEL_A,355,208.7197783
2019-01-30,SENTINEL_B,246,208.4023987
2019-01-30,SENTINEL_B,255,319.9824999
2019-01-31,SENTINEL_A,27,208.42630855
2019-02-03,SENTINEL_B,303,207.796629
2019-02-04,SENTINEL_A,84,208.1237469
2019-02-07,SENTINEL_B,360,208.1046001
2019-02-08,SENTINEL_A,132,208.40806335
2019-02-08,SENTINEL_A,141,346.1992
2019-02-10,SENTINEL_B,27,208.2454858
2019-02-11,SENTINEL_B,32,265.1784999
2019-02-12,SENTINEL_A,189,208.3663116
2019-02-12,SENTINEL_A,198,319.0847998
2019-02-14,SENTINEL_B,84,208.38571085
2019-02-16,SENTINEL_A,246,208.38434455
2019-02-18,SENTINEL_B,132,208.6721219
2019-02-18,SENTINEL_B,141,208.4695367
2019-02-20,SENTINEL_A,303,208.4721324
2019-02-22,SENTINEL_B,189,208.4692588
2019-02-22,SENTINEL_B,198,208.4319
2019-02-23,SENTINEL_A,355,208.48570205
2019-02-26,SENTINEL_B,246,208.4205866
2019-02-27,SENTINEL_A,27,208.4018576
2019-02-28,SENTINEL_A,32,208.3373999
2019-03-02,SENTINEL_B,303,208.239966
2019-03-03,SENTINEL_A,84,208.2914305
2019-03-06,SENTINEL_B,360,208.5489999
2019-03-07,SENTINEL_A,132,208.466766
2019-03-07,SENTINEL_A,141,336.2009999
2019-03-09,SENTINEL_B,27,208.3165923
2019-03-11,SENTINEL_A,189,208.4533142
2019-03-11,SENTINEL_A,198,207.9641999
2019-03-13,SENTINEL_B,84,208.4741303
2019-03-15,SENTINEL_A,246,208.36509075
2019-03-17,SENTINEL_B,132,208.6029999
2019-03-17,SENTINEL_B,141,208.49218465
2019-03-21,SENTINEL_B,198,208.1762
2019-03-22,SENTINEL_A,355,208.4429239
2019-03-25,SENTINEL_B,246,208.3300093
2019-03-26,SENTINEL_A,27,208.54082135
2019-03-27,SENTINEL_A,32,208.8250999
2019-03-29,SENTINEL_B,303,208.3475553
2019-03-30,SENTINEL_A,84,208.3437035
2019-04-02,SENTINEL_B,360,208.5871999
2019-04-03,SENTINEL_A,132,207.1620822
2019-04-05,SENTINEL_B,27,207.1325768
2019-04-06,SENTINEL_B,32,207.7762
2019-04-07,SENTINEL_A,189,207.2553371
2019-04-07,SENTINEL_A,198,207.7696999
2019-04-09,SENTINEL_B,84,208.5726253
2019-04-11,SENTINEL_A,246,208.15017455
2019-04-13,SENTINEL_B,132,208.7541498
2019-04-15,SENTINEL_A,303,208.4780457
2019-04-17,SENTINEL_B,189,208.7259838
2019-04-17,SENTINEL_B,198,208.6181
2019-04-18,SENTINEL_A,355,208.77060145
2019-04-21,SENTINEL_B,246,208.6525657
2019-04-21,SENTINEL_B,255,208.672
2019-04-22,SENTINEL_A,27,208.6678708
2019-04-25,SENTINEL_B,303,208.72051775
2019-04-26,SENTINEL_A,84,208.7228145
2019-04-29,SENTINEL_B,360,208.8956999
2019-04-30,SENTINEL_A,132,208.795056
2019-04-30,SENTINEL_A,141,208.8706501
2019-05-02,SENTINEL_B,27,208.8728648
2019-05-03,SENTINEL_B,32,208.5257
2019-05-04,SENTINEL_A,189,208.7910898
2019-05-04,SENTINEL_A,198,208.6815999
2019-05-06,SENTINEL_B,84,208.8242232
2019-05-08,SENTINEL_A,246,208.6527367
2019-05-10,SENTINEL_B,132,208.7511998
2019-05-10,SENTINEL_B,141,208.8436868
2019-05-12,SENTINEL_A,303,208.6614522
2019-05-14,SENTINEL_B,189,208.8418029
2019-05-15,SENTINEL_A,355,208.7863202
2019-05-16,SENTINEL_A,360,208.6324
2019-05-18,SENTINEL_B,246,208.6976554
2019-05-18,SENTINEL_B,255,208.6202
2019-05-19,SENTINEL_A,27,208.6364224
2019-05-22,SENTINEL_B,303,208.5948118
2019-05-26,SENTINEL_B,360,211.0532999
2019-05-27,SENTINEL_A,132,208.79252205
2019-05-27,SENTINEL_A,141,208.8366999
2019-05-29,SENTINEL_B,27,208.8408877
2019-05-30,SENTINEL_B,32,208.3169999
2019-05-31,SENTINEL_A,189,208.633391
2019-05-31,SENTINEL_A,198,208.3172999
2019-06-02,SENTINEL_B,84,208.74385125
2019-06-04,SENTINEL_A,246,208.64808105
2019-06-06,SENTINEL_B,132,208.8331
2019-06-06,SENTINEL_B,141,208.8207005
2019-06-08,SENTINEL_A,303,208.7682051
2019-06-10,SENTINEL_B,189,208.91537345
2019-06-10,SENTINEL_B,198,208.7466999
2019-06-11,SENTINEL_A,355,208.8941673
2019-06-14,SENTINEL_B,246,208.75377985
2019-06-15,SENTINEL_A,27,208.7433324
2019-06-18,SENTINEL_B,303,208.7382676
2019-06-19,SENTINEL_A,84,208.59905825
2019-06-22,SENTINEL_B,360,208.8966998
2019-06-23,SENTINEL_A,132,208.8693671
2019-06-23,SENTINEL_A,141,208.8228499
2019-06-25,SENTINEL_B,27,208.8778847
2019-06-26,SENTINEL_B,32,208.3981499
2019-06-27,SENTINEL_A,189,208.8415487
2019-06-29,SENTINEL_B,84,208.8299311
2019-07-01,SENTINEL_A,246,208.71292635
2019-07-03,SENTINEL_B,132,209.0203875
2019-07-03,SENTINEL_B,141,208.9869892
2019-07-05,SENTINEL_A,303,208.9247141
2019-07-07,SENTINEL_B,189,209.134471
2019-07-12,SENTINEL_A,27,208.9787208
2019-07-15,SENTINEL_B,303,209.02778285
2019-07-16,SENTINEL_A,84,209.0487999
2019-07-20,SENTINEL_A,132,209.2220208
2019-07-20,SENTINEL_A,141,209.2779
2019-07-22,SENTINEL_B,27,209.2535879
2019-07-23,SENTINEL_B,32,208.9338999
2019-07-24,SENTINEL_A,189,209.144936
2019-07-24,SENTINEL_A,198,208.8880499
2019-07-26,SENTINEL_B,84,209.2288583
2019-07-28,SENTINEL_A,246,209.069085
2019-07-30,SENTINEL_B,132,209.1646499
2019-07-30,SENTINEL_B,141,209.2172523
2019-08-01,SENTINEL_A,303,209.2097581
2019-08-03,SENTINEL_B,189,209.3813327
2019-08-03,SENTINEL_B,198,209.2253999
2019-08-04,SENTINEL_A,355,209.3645436
2019-08-07,SENTINEL_B,246,209.1701801
2019-08-08,SENTINEL_A,27,209.2153476
2019-08-09,SENTINEL_A,32,209.24925
2019-08-11,SENTINEL_B,303,209.1910872
2019-08-12,SENTINEL_A,84,209.2035004
2019-08-15,SENTINEL_B,360,209.3982
2019-08-16,SENTINEL_A,132,209.45513045
2019-08-16,SENTINEL_A,141,209.3240498
2019-08-18,SENTINEL_B,27,209.4135064
2019-08-19,SENTINEL_B,32,208.83085
2019-08-20,SENTINEL_A,189,209.40580315
2019-08-22,SENTINEL_B,84,209.38523715
2019-08-24,SENTINEL_A,246,209.2882727
2019-08-26,SENTINEL_B,132,209.3581
2019-08-26,SENTINEL_B,141,209.35571835
2019-08-28,SENTINEL_A,303,209.3729127
2019-08-30,SENTINEL_B,189,209.4973814
2019-09-03,SENTINEL_B,246,209.3240557
2019-09-07,SENTINEL_B,303,209.27291075
2019-09-11,SENTINEL_B,360,209.3531
2019-09-14,SENTINEL_B,27,209.45876365
2019-09-15,SENTINEL_B,32,209.0357998
2019-09-18,SENTINEL_B,84,209.3985376
2019-09-22,SENTINEL_B,132,209.5138999
2019-09-22,SENTINEL_B,141,209.4540817
2019-09-26,SENTINEL_B,189,209.5269325
2019-09-30,SENTINEL_B,246,209.3327022
2019-10-04,SENTINEL_B,303,209.31523785
2019-10-08,SENTINEL_B,360,209.6035499
2019-10-11,SENTINEL_B,27,209.39896525
2019-10-12,SENTINEL_B,32,208.96
2019-10-15,SENTINEL_B,84,209.3177888
2019-10-19,SENTINEL_B,132,209.41055
2019-10-19,SENTINEL_B,141,209.37271215
2019-10-23,SENTINEL_B,189,209.4661147
2019-10-27,SENTINEL_B,246,209.20205525
2019-10-31,SENTINEL_B,303,209.2292364
2019-11-04,SENTINEL_B,360,209.2205498
2019-11-07,SENTINEL_B,27,209.0635217
2019-11-08,SENTINEL_B,32,207.4744999
2019-11-11,SENTINEL_B,84,209.1757428
2019-11-15,SENTINEL_B,132,209.1278354
2019-11-15,SENTINEL_B,141,209.163348
2019-11-19,SENTINEL_B,189,208.9368758
2019-11-23,SENTINEL_B,246,209.05943715
2019-11-27,SENTINEL_B,303,209.0963473
2019-12-01,SENTINEL_B,360,209.1754499
2019-12-04,SENTINEL_B,27,209.09537415
2019-12-05,SENTINEL_B,32,208.8004499
2019-12-08,SENTINEL_B,84,209.0722794
2019-12-12,SENTINEL_B,132,209.2154
2019-12-12,SENTINEL_B,141,208.95817885
2019-12-16,SENTINEL_B,189,209.3062847
2019-12-20,SENTINEL_B,246,208.8535397
2019-12-24,SENTINEL_B,303,208.9525518
2019-12-28,SENTINEL_B,360,209.1181999
2020-01-01,SENTINEL_B,32,209.0349498
2020-01-04,SENTINEL_B,84,208.76193915
2020-01-08,SENTINEL_B,132,209.0168499
2020-01-08,SENTINEL_B,141,208.2436391
2020-01-12,SENTINEL_B,189,209.166379
2020-01-12,SENTINEL_B,198,208.8918
2020-01-16,SENTINEL_B,246,208.90302185
2020-01-16,SENTINEL_B,255,209.04885
2020-01-20,SENTINEL_B,303,209.005187
2020-01-24,SENTINEL_B,360,209.0678
2020-01-27,SENTINEL_B,27,209.1932731
2020-01-31,SENTINEL_B,84,209.03866515
2020-02-04,SENTINEL_B,132,209.0337
2020-02-04,SENTINEL_B,141,208.8823511
2020-02-08,SENTINEL_B,189,209.14001765
2020-02-08,SENTINEL_B,198,208.8385999
2020-02-12,SENTINEL_B,246,208.9010515
2020-02-16,SENTINEL_B,303,208.75268255
2020-02-20,SENTINEL_B,360,208.70985
2020-02-23,SENTINEL_B,27,208.99709545
2020-02-24,SENTINEL_B,32,209.0473499
2020-02-27,SENTINEL_B,84,208.8411221
2020-03-02,SENTINEL_B,132,209.0092001
2020-03-02,SENTINEL_B,141,208.9391836
2020-03-06,SENTINEL_B,189,208.9895186
2020-03-06,SENTINEL_B,198,208.4859999
2020-03-10,SENTINEL_B,246,208.6173555
2020-03-10,SENTINEL_B,255,208.3664
2020-03-14,SENTINEL_B,303,208.7100354
2020-03-18,SENTINEL_B,360,207.9671499
2020-03-21,SENTINEL_B,27,208.8743674
2020-03-22,SENTINEL_B,32,208.8423
2020-03-25,SENTINEL_B,84,208.6893483
2020-03-29,SENTINEL_B,132,208.8167499
2020-03-29,SENTINEL_B,141,208.7585376
2020-04-02,SENTINEL_B,189,208.7816848
2020-04-06,SENTINEL_B,246,208.6128824
2020-04-10,SENTINEL_B,303,208.7361058
2020-04-17,SENTINEL_B,27,209.2542129
2020-04-18,SENTINEL_B,32,208.8087498
2020-04-21,SENTINEL_B,84,208.58945455
2020-04-25,SENTINEL_B,132,209.0748
2020-04-25,SENTINEL_B,141,209.18220605
2020-04-29,SENTINEL_B,189,209.17267585
2020-04-29,SENTINEL_B,198,209.222
2020-05-03,SENTINEL_B,246,208.8741501
2020-05-07,SENTINEL_B,303,209.2850909
2020-05-11,SENTINEL_B,360,209.4274
2020-05-14,SENTINEL_B,27,209.5795029
2020-05-15,SENTINEL_B,32,209.5628
2020-05-18,SENTINEL_B,84,209.5119957
2020-05-22,SENTINEL_B,132,209.79355
2020-05-22,SENTINEL_B,141,209.5879519
2020-05-26,SENTINEL_B,189,209.58714155
2020-05-26,SENTINEL_B,198,209.6284
2020-05-30,SENTINEL_B,246,209.5090899
2020-05-30,SENTINEL_B,255,209.68215
2020-06-03,SENTINEL_B,303,209.6833889
2020-06-07,SENTINEL_B,360,209.8984
2020-06-10,SENTINEL_B,27,210.0220765
2020-06-11,SENTINEL_B,32,209.6725
2020-06-14,SENTINEL_B,84,209.91219035
2020-06-18,SENTINEL_B,132,210.1203411
2020-06-18,SENTINEL_B,141,210.0447845
2020-06-22,SENTINEL_B,189,210.2946417
2020-06-22,SENTINEL_B,198,210.3506999
2020-06-26,SENTINEL_B,246,210.1705186
2020-06-30,SENTINEL_B,303,210.3340425
2020-07-04,SENTINEL_B,360,210.2603
2020-07-07,SENTINEL_B,27,210.47918
2020-07-08,SENTINEL_B,32,209.9565998
2020-07-11,SENTINEL_B,84,210.5499895
2020-07-15,SENTINEL_B,132,210.71002665
2020-07-15,SENTINEL_B,141,210.7494372
2020-07-19,SENTINEL_B,189,210.9093242
2020-07-23,SENTINEL_B,246,210.733748
2020-07-27,SENTINEL_B,303,210.8812801
2020-08-03,SENTINEL_B,27,211.05194885
2020-08-04,SENTINEL_B,32,210.5586999
2020-08-07,SENTINEL_B,84,210.89898575
2020-08-11,SENTINEL_B,132,210.95632425
2020-08-11,SENTINEL_B,141,210.9753235
2020-08-15,SENTINEL_B,189,211.0958658
2020-08-19,SENTINEL_B,246,210.8325811
2020-08-23,SENTINEL_B,303,210.8268662
2020-08-27,SENTINEL_B,360,210.8707999
2020-08-30,SENTINEL_B,27,210.9736129
2020-08-31,SENTINEL_B,32,210.9535499
2020-09-03,SENTINEL_B,84,210.8581683
2020-09-07,SENTINEL_B,132,210.9047917
2020-09-07,SENTINEL_B,141,210.8781194
2020-09-11,SENTINEL_B,189,210.959946
2020-09-15,SENTINEL_B,246,210.6931012
2020-09-15,SENTINEL_B,255,210.8993499
2020-09-19,SENTINEL_B,303,210.7582263
2020-09-23,SENTINEL_B,360,210.7369999
2020-09-26,SENTINEL_B,27,210.81846435
2020-09-27,SENTINEL_B,32,210.7565
2020-09-30,SENTINEL_B,84,210.62248565
2020-10-04,SENTINEL_B,132,210.6460998
2020-10-04,SENTINEL_B,141,210.710763
2020-10-08,SENTINEL_B,189,210.72446695
2020-10-08,SENTINEL_B,198,210.43635
2020-10-12,SENTINEL_B,246,210.4310684
2020-10-16,SENTINEL_B,303,210.6142779
2020-10-20,SENTINEL_B,360,210.5442501
2020-10-23,SENTINEL_B,27,210.51484635
2020-10-24,SENTINEL_B,32,210.4678999
2020-10-27,SENTINEL_B,84,210.3708264
2020-10-31,SENTINEL_B,132,210.33705
2020-10-31,SENTINEL_B,141,210.3838357
2020-11-04,SENTINEL_B,189,210.4983953
2020-11-04,SENTINEL_B,198,209.74105
2020-11-12,SENTINEL_B,303,210.3138976
2020-11-16,SENTINEL_B,360,210.1605499
2020-11-19,SENTINEL_B,27,210.1349017
2020-11-20,SENTINEL_B,32,210.0636
2020-11-23,SENTINEL_B,84,210.0628901
2020-11-27,SENTINEL_B,132,210.15745
2020-11-27,SENTINEL_B,141,210.1584407
2020-12-01,SENTINEL_B,189,210.31820915
2020-12-01,SENTINEL_B,198,210.1948999
2020-12-05,SENTINEL_B,246,210.0041799
2020-12-09,SENTINEL_B,303,210.1267001
2020-12-13,SENTINEL_B,360,210.2619001
2020-12-16,SENTINEL_B,27,210.2624577
2020-12-17,SENTINEL_B,32,210.3255501
2020-12-20,SENTINEL_B,84,209.9390621
2020-12-24,SENTINEL_B,132,209.99202795
2020-12-24,SENTINEL_B,141,210.15549205
2020-12-28,SENTINEL_B,189,210.2784366
2020-12-28,SENTINEL_B,198,210.3287999
2021-01-01,SENTINEL_B,246,210.0267877
2021-01-05,SENTINEL_B,303,210.08561695
2021-01-09,SENTINEL_B,360,210.07115
2021-01-12,SENTINEL_B,27,210.2233788
2021-01-13,SENTINEL_B,32,210.2559999
2021-01-16,SENTINEL_B,84,210.0038397
2021-01-20,SENTINEL_B,132,209.7787999
2021-01-20,SENTINEL_B,141,209.9017462
2021-01-24,SENTINEL_B,189,210.0646751
2021-01-28,SENTINEL_B,246,209.9391583
2021-01-28,SENTINEL_B,255,210.01715
2021-02-01,SENTINEL_B,303,209.81934685
2021-02-05,SENTINEL_B,360,209.96285
2021-02-08,SENTINEL_B,27,209.8987686
2021-02-09,SENTINEL_B,32,210.0258
2021-02-12,SENTINEL_B,84,209.68607535
2021-02-16,SENTINEL_B,132,209.181645
2021-02-16,SENTINEL_B,141,209.5522475
2021-02-20,SENTINEL_B,189,209.7816073
2021-02-20,SENTINEL_B,198,209.7964499
2021-02-24,SENTINEL_B,246,209.6774356
2021-02-28,SENTINEL_B,303,209.5710707
2021-03-04,SENTINEL_B,360,209.6281999
2021-03-07,SENTINEL_B,27,209.75603835
2021-03-08,SENTINEL_B,32,209.5334
2021-03-11,SENTINEL_B,84,209.5208301
2021-03-15,SENTINEL_B,132,208.9631019
2021-03-15,SENTINEL_B,141,208.88364525
2021-03-19,SENTINEL_B,189,209.5390329
2021-03-23,SENTINEL_B,246,209.5451024
2021-03-27,SENTINEL_B,303,209.31744895
2021-03-31,SENTINEL_B,360,209.4066501
2021-04-03,SENTINEL_B,27,209.6650566
2021-04-04,SENTINEL_B,32,209.6429999
2021-04-07,SENTINEL_B,84,209.3874325
2021-04-11,SENTINEL_B,132,209.6500109
2021-04-11,SENTINEL_B,141,209.4500056
2021-04-15,SENTINEL_B,189,209.883659
2021-04-19,SENTINEL_B,246,207.4809833
2021-04-23,SENTINEL_B,303,207.57284635
2021-04-27,SENTINEL_B,360,209.4421999
2021-04-30,SENTINEL_B,27,209.84144575
2021-05-01,SENTINEL_B,32,208.1693998
2021-05-04,SENTINEL_B,84,209.6710514
2021-05-08,SENTINEL_B,132,209.7016628
2021-05-08,SENTINEL_B,141,209.8307119
2021-05-12,SENTINEL_B,189,209.8503961
2021-05-16,SENTINEL_B,246,209.7869387
2021-05-20,SENTINEL_B,303,209.8546879
2021-05-24,SENTINEL_B,360,209.9091998
2021-05-28,SENTINEL_B,32,209.8881
2021-06-02,SENTINEL_A,246,209.72106545
2021-06-06,SENTINEL_A,303,209.8849077
2021-06-09,SENTINEL_A,355,210.10119435
2021-06-13,SENTINEL_A,27,210.0252522
2021-06-17,SENTINEL_A,84,210.1659405
2021-06-21,SENTINEL_A,132,210.2015979
2021-06-21,SENTINEL_A,141,210.2949998
2021-06-25,SENTINEL_A,189,210.2493602
2021-06-25,SENTINEL_A,198,210.2988501
2021-06-29,SENTINEL_A,246,210.17352445
2021-07-03,SENTINEL_A,303,210.2475867
2021-07-06,SENTINEL_A,355,210.33933765
2021-07-07,SENTINEL_A,360,210.2382999
2021-07-10,SENTINEL_A,27,210.2364595
2021-07-11,SENTINEL_A,32,210.3734
2021-07-14,SENTINEL_A,84,210.3229992
2021-07-18,SENTINEL_A,132,210.2982056
2021-07-18,SENTINEL_A,141,210.3654
2021-07-22,SENTINEL_A,189,210.2664171
2021-07-22,SENTINEL_A,198,210.2297999
2021-07-26,SENTINEL_A,246,210.1806871
2021-07-30,SENTINEL_A,303,210.18937855
2021-08-02,SENTINEL_A,355,210.2079945
2021-08-06,SENTINEL_A,27,210.0215636
2021-08-10,SENTINEL_A,84,210.1469091
2021-08-14,SENTINEL_A,132,210.0357098
2021-08-14,SENTINEL_A,141,210.0393
2021-08-18,SENTINEL_A,189,210.0147165
2021-08-18,SENTINEL_A,198,209.9638
2021-08-22,SENTINEL_A,246,209.8783727
2021-08-26,SENTINEL_A,303,209.93743825
2021-08-29,SENTINEL_A,355,209.9050541
2021-08-30,SENTINEL_A,360,209.8027999
2021-09-02,SENTINEL_A,27,209.7109276
2021-09-06,SENTINEL_A,84,209.8245396
2021-09-10,SENTINEL_A,132,209.75575185
2021-09-14,SENTINEL_A,189,209.7592237
2021-09-18,SENTINEL_A,246,209.5991643
2021-09-22,SENTINEL_A,303,209.685799
2021-09-25,SENTINEL_A,355,209.663871
2021-09-26,SENTINEL_A,360,209.7666998
2021-09-29,SENTINEL_A,27,209.5032848
